merchant_abn,merchant_name,segment,Takings Rank,Loss Potential Ranking,Growth Potential Ranking,Final Ranking
57757792876,Pretium Et LLC,Technology & Professional Services,29,29,135,16
45433476494,Adipiscing Elit Foundation,Technology & Professional Services,20,22,160,18
80518954462,Neque Sed Dictum Incorporated,Technology & Professional Services,44,44,119,22
82368304209,Nec Incorporated,Technology & Professional Services,7,8,206,25
35909341340,Arcu Sed Eu Incorporated,Technology & Professional Services,13,14,195,26
67400260923,Eleifend PC,Technology & Professional Services,30,32,166,28
93260930990,Pede Cras Vulputate Ltd,Technology & Professional Services,41,41,174,36
94690988633,Eu Placerat LLC,Technology & Professional Services,28,28,235,42
27093785141,Placerat Orci Institute,Technology & Professional Services,48,48,205,45
68216911708,Placerat Eget Venenatis Limited,Technology & Professional Services,60,60,204,56
16288327194,A Neque LLC,Technology & Professional Services,94,94,141,59
32709545238,Tempor Est Foundation,Technology & Professional Services,36,38,259,61
77338620996,Fames Ac Turpis LLC,Technology & Professional Services,77,79,179,63
34096466752,Nullam Enim Ltd,Technology & Professional Services,58,59,233,70
58454491168,Diam At Foundation,Technology & Professional Services,25,25,300,71
77590625261,Sed Diam Foundation,Technology & Professional Services,51,51,254,74
84703983173,Amet Consulting,Technology & Professional Services,104,104,169,81
57699602880,Tellus Id Institute,Technology & Professional Services,79,82,221,85
78760357380,Nibh Aliquam Corp.,Technology & Professional Services,133,135,118,87
41271931352,Ac Sem Ut Company,Technology & Professional Services,92,92,244,99
94455880010,Nunc Sit LLC,Technology & Professional Services,73,76,290,103
29641342749,Et Associates,Technology & Professional Services,115,117,209,104
74589998324,Nec Inc.,Technology & Professional Services,136,133,185,106
97603729191,Eu Company,Technology & Professional Services,105,107,242,107
45244796758,Vitae Dolor LLP,Technology & Professional Services,95,96,264,108
62692834922,Cum Sociis Company,Technology & Professional Services,145,161,156,112
97860823526,Aliquet Metus Urna Associates,Technology & Professional Services,162,172,143,115
10648956813,Proin Nisl Institute,Technology & Professional Services,111,111,256,116
69069584766,Cras Eget Foundation,Technology & Professional Services,126,131,276,127
50589958690,Nibh Quisque Corp.,Technology & Professional Services,155,165,268,137
82448693380,Vulputate Dui Nec Corp.,Technology & Professional Services,128,142,341,143
72897360319,Sapien Imperdiet Ornare Consulting,Technology & Professional Services,174,167,289,149
74093231988,Mi Eleifend Company,Technology & Professional Services,192,193,260,155
93260450766,Condimentum Limited,Technology & Professional Services,156,154,358,161
45056974934,Vel Pede Blandit Incorporated,Technology & Professional Services,181,184,325,166
55090181035,Dictum Ultricies Ltd,Technology & Professional Services,179,180,337,167
37459245212,Aliquet Phasellus Consulting,Technology & Professional Services,277,277,153,169
71989214810,Semper Et Lacinia Associates,Technology & Professional Services,163,170,399,182
14058755389,Vel Mauris Integer Limited,Technology & Professional Services,107,110,516,183
62694031334,Vel Est Tempor LLP,Technology & Professional Services,208,210,328,185
64732735902,Imperdiet Non Vestibulum Institute,Technology & Professional Services,164,162,422,186
27888724678,Ut Ipsum LLC,Technology & Professional Services,245,258,257,191
98627514823,Aliquam Gravida Mauris Corp.,Technology & Professional Services,200,201,387,201
45380641195,Nisl Arcu Iaculis Incorporated,Technology & Professional Services,186,187,459,207
42543374304,Morbi Metus Vivamus Inc.,Technology & Professional Services,171,175,524,218
34459028045,Tellus Eu Inc.,Technology & Professional Services,247,246,389,223
82812059627,Fermentum Institute,Technology & Professional Services,205,213,464,224
56946407125,Quisque Fringilla Limited,Technology & Professional Services,307,305,294,230
95431176007,Mi Enim Corporation,Technology & Professional Services,225,229,455,231
96133248275,Semper Dui PC,Technology & Professional Services,232,243,473,242
63978837398,In Tincidunt PC,Technology & Professional Services,215,217,517,243
15441635442,Lectus A Corp.,Technology & Professional Services,255,253,476,253
99467302626,Ac Ipsum Foundation,Technology & Professional Services,206,205,578,257
94729574738,Scelerisque Corporation,Technology & Professional Services,343,345,311,262
22526511302,Semper Et Incorporated,Technology & Professional Services,196,198,607,264
93532380797,Quisque Libero Lacus Incorporated,Technology & Professional Services,298,296,442,275
61085944703,Vestibulum Mauris Institute,Technology & Professional Services,261,275,505,276
12741443840,Tincidunt Aliquam Limited,Technology & Professional Services,203,202,644,280
49536733338,Duis A Ltd,Technology & Professional Services,250,255,545,281
77990807356,Natoque Penatibus Corp.,Technology & Professional Services,353,362,349,283
20549656225,Sed Inc.,Technology & Professional Services,351,355,364,286
32946666313,Ligula Donec LLC,Technology & Professional Services,304,308,463,291
28687004922,Eget Company,Technology & Professional Services,338,339,423,295
40049033270,Iaculis Aliquet Limited,Technology & Professional Services,260,264,577,296
27251742541,Malesuada Institute,Technology & Professional Services,275,276,558,300
10618089367,Enim Consequat Institute,Technology & Professional Services,373,378,359,301
92773401740,Massa Limited,Technology & Professional Services,416,432,266,303
46654841462,Iaculis Enim Corp.,Technology & Professional Services,358,368,396,306
23109950638,Etiam Bibendum Fermentum LLC,Technology & Professional Services,253,263,612,309
55306842177,Aliquam Iaculis Lacus Foundation,Technology & Professional Services,267,278,592,312
13839274306,Sit Amet Consectetuer PC,Technology & Professional Services,285,288,570,315
75090756544,Suspendisse Tristique Company,Technology & Professional Services,316,320,521,320
60813622669,Auctor Velit Consulting,Technology & Professional Services,233,238,693,324
38646383513,Leo Elementum Foundation,Technology & Professional Services,350,350,470,327
40272107679,Lobortis Augue Incorporated,Technology & Professional Services,302,300,573,330
22027671078,Mauris Magna Industries,Technology & Professional Services,393,386,398,332
69236417931,Vitae Velit Institute,Technology & Professional Services,293,299,585,333
87771712045,Vivamus Sit LLC,Technology & Professional Services,301,298,580,334
57626266756,Urna Justo Inc.,Technology & Professional Services,472,488,267,347
20364924160,Sed Congue Limited,Technology & Professional Services,288,289,682,358
86388904574,Nullam Suscipit LLC,Technology & Professional Services,328,336,597,359
82545351270,Vel Inc.,Technology & Professional Services,434,447,383,360
48981211054,Nibh Phasellus Nulla PC,Technology & Professional Services,344,353,568,361
56144254367,Erat Etiam Vestibulum LLP,Technology & Professional Services,498,499,269,363
46622394552,Laoreet Libero Et Ltd,Technology & Professional Services,286,297,685,365
45073039817,Praesent Interdum Ligula LLC,Technology & Professional Services,375,387,574,388
89260537373,Feugiat Incorporated,Technology & Professional Services,560,564,226,389
40453061481,Interdum Sed Limited,Technology & Professional Services,489,498,368,392
23661821077,Suspendisse Eleifend Corp.,Technology & Professional Services,475,477,408,393
72231375027,Sed Auctor LLC,Technology & Professional Services,296,301,782,401
56624752594,Tincidunt Vehicula Corp.,Technology & Professional Services,281,282,858,411
57573802697,Tellus Id Nunc Incorporated,Technology & Professional Services,396,404,631,416
16629601490,Enim Non Foundation,Technology & Professional Services,322,328,786,418
30209373786,Laoreet Inc.,Technology & Professional Services,347,351,749,419
88249446460,Pellentesque Habitant Morbi Institute,Technology & Professional Services,564,568,323,421
46674437504,Mi Enim Foundation,Technology & Professional Services,431,441,583,422
25624067782,Amet Corp.,Technology & Professional Services,444,463,550,423
74449830326,Ac Corp.,Technology & Professional Services,513,521,430,427
15790540567,Integer Foundation,Technology & Professional Services,447,442,611,437
47374330858,Aliquam Ultrices Iaculis Corporation,Technology & Professional Services,502,504,496,438
90522979771,Curabitur Consequat Consulting,Technology & Professional Services,384,389,767,453
75372814642,Nec LLC,Technology & Professional Services,581,580,390,456
70501974849,Facilisis Lorem Tristique Company,Technology & Professional Services,552,544,466,464
28663538418,Ipsum Dolor Limited,Technology & Professional Services,400,401,763,466
49609375026,Convallis LLC,Technology & Professional Services,430,456,702,473
60829135130,Tellus Imperdiet Non Inc.,Technology & Professional Services,612,633,350,479
35911782646,Semper Nam Tempor Limited,Technology & Professional Services,527,545,555,488
41747634618,Dolor Fusce Mi Incorporated,Technology & Professional Services,667,667,309,497
49514072231,Eget LLC,Technology & Professional Services,493,506,664,504
61310985405,Ipsum Primis In Corporation,Technology & Professional Services,381,405,881,507
70223714517,In Consectetuer Company,Technology & Professional Services,605,604,511,517
66161087361,Morbi LLC,Technology & Professional Services,517,537,668,518
42298598169,Velit Egestas PC,Technology & Professional Services,419,424,900,525
87404274320,Tincidunt Aliquam Associates,Technology & Professional Services,627,629,510,530
81583941068,Aliquam Vulputate Ullamcorper Foundation,Technology & Professional Services,610,609,553,531
35424691626,Eu Sem Pellentesque Limited,Technology & Professional Services,572,575,632,535
22469567189,Quam Dignissim Pharetra Consulting,Technology & Professional Services,468,472,867,549
28896046710,Nec Orci Ltd,Technology & Professional Services,426,429,961,552
71361928741,Ut Odio Inc.,Technology & Professional Services,626,627,599,559
97886307095,Ullamcorper Institute,Technology & Professional Services,477,485,898,561
81836621910,Et Institute,Technology & Professional Services,798,798,279,567
73527950332,Orci Ut Ltd,Technology & Professional Services,470,473,945,569
77505747217,Et Arcu LLC,Technology & Professional Services,563,566,765,571
38710494876,Morbi Non Corp.,Technology & Professional Services,646,658,596,575
17055065679,Sit Amet Consectetuer Ltd,Technology & Professional Services,631,642,635,577
29921604246,Tellus Justo Sit Company,Technology & Professional Services,602,603,703,578
43930439013,Dignissim Institute,Technology & Professional Services,519,516,914,594
43833568675,Eu Odio Corp.,Technology & Professional Services,482,489,980,596
12434006854,Feugiat Non Associates,Technology & Professional Services,504,505,949,597
55958301764,Eget Magna Ltd,Technology & Professional Services,546,557,857,600
99229845016,Phasellus Corp.,Technology & Professional Services,592,606,768,605
88652114856,Eros PC,Technology & Professional Services,630,628,733,612
77925217758,Diam Pellentesque LLC,Technology & Professional Services,634,639,722,613
27975606844,Tempor Diam Dictum Industries,Technology & Professional Services,561,563,874,615
34621449599,Vivamus Nibh Company,Technology & Professional Services,721,717,563,618
86223953880,Libero Et Inc.,Technology & Professional Services,795,799,425,624
40201093869,Justo Praesent Corporation,Technology & Professional Services,539,560,951,632
97903083009,Praesent Eu Dui LLP,Technology & Professional Services,574,571,906,633
69377909125,Urna Vivamus Institute,Technology & Professional Services,841,842,373,637
59615752944,Mauris Corporation,Technology & Professional Services,647,646,785,638
15130143460,Integer LLP,Technology & Professional Services,709,723,648,640
41450604292,Turpis Nulla Corp.,Technology & Professional Services,580,595,912,646
87632767975,Aliquam Foundation,Technology & Professional Services,725,741,637,650
17073441842,Duis Corp.,Technology & Professional Services,589,592,944,659
33064796871,Curabitur Massa Consulting,Technology & Professional Services,616,620,893,661
32894483068,Non Egestas LLP,Technology & Professional Services,506,511,1119,663
75664480997,Molestie Sodales PC,Technology & Professional Services,755,759,636,667
62739118502,Vel Venenatis Vel Consulting,Technology & Professional Services,679,680,798,670
66858882701,Elit Elit Fermentum Limited,Technology & Professional Services,614,632,916,673
34900312172,Arcu Sed Et Limited,Technology & Professional Services,625,631,907,674
74874670528,Aliquet Odio PC,Technology & Professional Services,756,763,653,678
74319969182,Morbi Tristique Corp.,Technology & Professional Services,548,548,1096,685
93606772530,At Arcu Vestibulum Company,Technology & Professional Services,1011,1018,192,700
39190083890,Rutrum Urna Corp.,Technology & Professional Services,914,916,405,705
97861055416,Morbi Neque Inc.,Technology & Professional Services,801,794,656,711
43301018611,Dui Nec Corp.,Technology & Professional Services,789,782,681,712
65038094136,Praesent Interdum Associates,Technology & Professional Services,651,641,984,718
21046714053,Nibh Phasellus Nulla Foundation,Technology & Professional Services,640,649,993,719
45446645240,Vivamus Rhoncus Limited,Technology & Professional Services,649,645,994,720
59274084898,Sodales Elit PC,Technology & Professional Services,877,886,529,723
20497101151,Arcu Vestibulum Ante LLC,Technology & Professional Services,772,778,751,725
99478391356,Orci Quis Foundation,Technology & Professional Services,985,995,340,730
29063380341,Arcu Imperdiet Ullamcorper LLC,Technology & Professional Services,585,587,1149,732
43671774465,Condimentum Donec At Ltd,Technology & Professional Services,622,623,1081,733
46564887665,Suspendisse LLC,Technology & Professional Services,777,777,789,737
52037285370,In Felis Nulla LLC,Technology & Professional Services,674,675,1005,740
54702673300,Maecenas Mi Industries,Technology & Professional Services,879,877,601,742
67882460777,Ipsum PC,Technology & Professional Services,660,661,1058,752
58139231665,Dolor Nonummy Limited,Technology & Professional Services,944,943,507,760
39010056512,Cursus Et Eros Industries,Technology & Professional Services,700,707,1001,765
44440245427,In Felis Inc.,Technology & Professional Services,807,813,800,770
21820852598,Et Tristique Consulting,Technology & Professional Services,712,720,996,774
32844138686,At Augue Id Associates,Technology & Professional Services,916,923,593,777
67920961191,Ut Pharetra Company,Technology & Professional Services,978,981,488,780
68874243493,Nullam Suscipit Consulting,Technology & Professional Services,864,859,724,781
95896852636,Rhoncus Associates,Technology & Professional Services,823,829,820,792
37351213839,Lacus Quisque Purus Institute,Technology & Professional Services,678,676,1121,793
22155114860,Suscipit Nonummy Fusce PC,Technology & Professional Services,778,774,936,801
59248738261,Ullamcorper Ltd,Technology & Professional Services,862,867,760,802
45466221547,Eu LLC,Technology & Professional Services,836,832,831,806
16165222459,Vehicula Pellentesque LLP,Technology & Professional Services,742,756,1013,813
92696023351,Odio Aliquam Vulputate Limited,Technology & Professional Services,696,699,1116,814
56530958295,Pede Et LLC,Technology & Professional Services,621,625,1265,815
88230622213,Eu Tellus Ltd,Technology & Professional Services,613,615,1303,820
17758483290,Orci PC,Technology & Professional Services,835,851,872,826
69320682085,Consequat Dolor Foundation,Technology & Professional Services,691,694,1197,833
67713855705,Nulla Industries,Technology & Professional Services,774,786,1033,837
74337408103,Donec At Inc.,Technology & Professional Services,708,696,1189,839
35040817462,Dolor Vitae Limited,Technology & Professional Services,783,792,1025,842
25083358415,Interdum Libero Dui Foundation,Technology & Professional Services,919,932,758,845
19633197919,Molestie Sodales Mauris Industries,Technology & Professional Services,930,930,752,847
54197321846,Parturient Montes Corporation,Technology & Professional Services,950,959,704,848
44915049915,Nulla Foundation,Technology & Professional Services,982,982,654,849
92616389691,Maecenas Iaculis Aliquet Limited,Technology & Professional Services,899,895,830,853
29202486033,Vel Foundation,Technology & Professional Services,865,875,884,854
92064565896,Justo Praesent Luctus PC,Technology & Professional Services,677,682,1269,857
64573039027,Magna Sed Eu Associates,Technology & Professional Services,686,688,1257,859
48290289285,Sed Dolor Corporation,Technology & Professional Services,923,925,788,861
92895607850,Risus PC,Technology & Professional Services,766,776,1095,862
76910557723,Leo LLP,Technology & Professional Services,713,718,1206,863
52034043972,Non Dapibus Rutrum Limited,Technology & Professional Services,1098,1120,432,874
24094430920,Ac Fermentum LLP,Technology & Professional Services,737,738,1175,875
18525353549,Pede Ultrices Corp.,Technology & Professional Services,821,830,1070,889
99514198047,Ultricies Dignissim Lacus Corp.,Technology & Professional Services,1073,1065,622,895
91157839617,Blandit Nam Limited,Technology & Professional Services,940,939,882,897
68828285855,Mi Pede Nonummy Limited,Technology & Professional Services,833,827,1101,898
28622174594,Parturient Montes Foundation,Technology & Professional Services,846,824,1109,906
86010199872,Orci In Foundation,Technology & Professional Services,1040,1047,741,916
24351356445,At Pede Cras Corp.,Technology & Professional Services,787,807,1253,925
20594162542,Litora Torquent Per LLP,Technology & Professional Services,1013,1014,851,929
46887242827,Sollicitudin PC,Technology & Professional Services,975,988,929,932
97802179094,Ut Molestie In Ltd,Technology & Professional Services,851,856,1209,936
10342410215,Facilisis Facilisis Corp.,Technology & Professional Services,970,977,981,940
21881994118,Varius Ultrices LLP,Technology & Professional Services,834,838,1270,947
91960562098,Amet Faucibus Corporation,Technology & Professional Services,1057,1075,811,948
31969420866,Sed Leo Cras Incorporated,Technology & Professional Services,1005,1002,978,959
12042198256,Donec Nibh LLP,Technology & Professional Services,840,846,1306,962
70805280228,Odio Auctor Foundation,Technology & Professional Services,878,878,1240,965
82044452251,Malesuada Integer Id Company,Technology & Professional Services,1070,1105,823,966
97088280855,Odio Vel Est Associates,Technology & Professional Services,1027,1021,957,968
53620352987,Scelerisque Mollis Phasellus PC,Technology & Professional Services,997,1007,1006,972
39368471973,In Lorem Industries,Technology & Professional Services,1138,1139,755,981
36961482719,In Cursus Corp.,Technology & Professional Services,966,964,1123,987
73895811023,Libero Mauris Aliquam Associates,Technology & Professional Services,939,946,1205,999
14639241847,Aliquet Molestie Tellus Company,Technology & Professional Services,1081,1094,919,1000
37718833659,Est LLC,Technology & Professional Services,990,999,1131,1004
85556646149,Proin Nisl Inc.,Technology & Professional Services,1006,1019,1097,1005
30779952495,Nam Consequat Institute,Technology & Professional Services,1187,1185,754,1007
32423905315,Hendrerit Consulting,Technology & Professional Services,1151,1147,843,1010
32173481131,Non PC,Technology & Professional Services,860,864,1432,1018
46083747689,Nam Interdum Enim Institute,Technology & Professional Services,1060,1051,1059,1024
25228131129,Quisque Nonummy Ltd,Technology & Professional Services,920,920,1348,1029
70713877189,Praesent Eu Incorporated,Technology & Professional Services,1185,1173,852,1033
95682671933,Arcu Vestibulum Ut Inc.,Technology & Professional Services,943,937,1341,1035
29351616009,Urna Industries,Technology & Professional Services,1132,1126,1016,1048
69059526358,Eleifend Egestas Sed Corporation,Technology & Professional Services,991,997,1314,1054
65134002757,Elit Etiam Laoreet Foundation,Technology & Professional Services,1401,1403,502,1055
97129028344,Pede Ultrices A Inc.,Technology & Professional Services,1022,1031,1266,1060
16143938351,Enim Institute,Technology & Professional Services,1089,1083,1188,1067
33268824520,Arcu Nunc Incorporated,Technology & Professional Services,1077,1085,1211,1071
17009186054,Et Ltd,Technology & Professional Services,1118,1128,1152,1078
49412216510,Nec Quam Curabitur Incorporated,Technology & Professional Services,979,969,1531,1090
20692490685,Aliquet Molestie Limited,Technology & Professional Services,1362,1384,776,1107
50185854379,Adipiscing Lacus Limited,Technology & Professional Services,1282,1288,973,1111
80116239104,Ut Semper Limited,Technology & Professional Services,1165,1155,1224,1112
24123600795,Et Eros Inc.,Technology & Professional Services,1235,1227,1093,1121
22614311069,Vivamus Limited,Technology & Professional Services,1146,1142,1276,1124
35769589414,Arcu Et Pede Limited,Technology & Professional Services,1238,1255,1072,1126
98400051901,Vitae LLC,Technology & Professional Services,1252,1240,1088,1129
81561729667,Gravida Molestie Associates,Technology & Professional Services,1122,1133,1340,1135
66066213362,Nunc Sed LLP,Technology & Professional Services,1058,1058,1502,1147
36461610866,Phasellus Fermentum Corporation,Technology & Professional Services,1223,1223,1184,1152
89536028092,Mauris Rhoncus LLC,Technology & Professional Services,1075,1074,1507,1160
60470122582,Consequat Purus Industries,Technology & Professional Services,1158,1157,1345,1161
52323926070,Lorem Ac Risus Institute,Technology & Professional Services,1654,1655,361,1163
83575543026,Ipsum Nunc Id LLC,Technology & Professional Services,1441,1445,816,1172
62074083335,Aliquet Libero Corporation,Technology & Professional Services,1096,1089,1527,1177
25627894706,Ut Company,Technology & Professional Services,1084,1091,1538,1178
63419471661,Eget Magna Corp.,Technology & Professional Services,1209,1210,1298,1182
32446633720,Dolor Nonummy Corporation,Technology & Professional Services,1266,1262,1192,1183
90025866810,Donec Feugiat Metus LLC,Technology & Professional Services,1128,1121,1473,1185
28464012306,Amet Corporation,Technology & Professional Services,1102,1115,1522,1190
96442520325,Nullam Lobortis Quam Company,Technology & Professional Services,1219,1212,1310,1191
85502310765,Magnis Dis Parturient Industries,Technology & Professional Services,1555,1548,643,1194
11173270682,Feugiat Tellus LLP,Technology & Professional Services,1409,1417,988,1212
10385250025,Id Ltd,Technology & Professional Services,1106,1112,1620,1224
53339073841,Facilisis Vitae Corporation,Technology & Professional Services,1101,1111,1626,1225
21232022824,Quis Massa Mauris Corporation,Technology & Professional Services,1208,1201,1439,1226
56829863713,Nascetur Ridiculus Corp.,Technology & Professional Services,1166,1170,1537,1233
10255988167,Aliquam Enim Incorporated,Technology & Professional Services,1196,1211,1478,1238
94206932226,Interdum Feugiat Ltd,Technology & Professional Services,1286,1289,1327,1242
41481009028,Laoreet Libero Inc.,Technology & Professional Services,1203,1218,1495,1247
55407818029,Imperdiet LLP,Technology & Professional Services,1278,1277,1381,1254
48421784228,Rutrum Foundation,Technology & Professional Services,1044,1044,1886,1272
51479541036,Leo Cras Vehicula LLC,Technology & Professional Services,1322,1320,1339,1276
72758063852,Vestibulum Ante Ipsum Corporation,Technology & Professional Services,1154,1160,1673,1277
83000061755,Eros Industries,Technology & Professional Services,1729,1737,523,1278
58596147982,Rutrum Lorem Inc.,Technology & Professional Services,1274,1265,1455,1280
50450845980,Malesuada Vel Limited,Technology & Professional Services,1174,1191,1641,1285
66464469789,Mauris Erat Associates,Technology & Professional Services,1262,1266,1481,1287
38194917037,Vel Nisl LLP,Technology & Professional Services,1363,1380,1282,1294
66835892718,Iaculis Nec Industries,Technology & Professional Services,1182,1174,1679,1298
99672926179,Molestie Ltd,Technology & Professional Services,1468,1472,1159,1315
47879799074,Proin Incorporated,Technology & Professional Services,1324,1327,1461,1323
59659309503,Lacus Vestibulum Associates,Technology & Professional Services,1339,1349,1456,1334
55123279982,Luctus Lobortis Class Institute,Technology & Professional Services,1080,1081,2010,1344
17559476022,Id Incorporated,Technology & Professional Services,1249,1238,1686,1345
10279061213,Pede Ultrices Industries,Technology & Professional Services,1340,1353,1501,1354
47148752699,Nunc Ut Erat Limited,Technology & Professional Services,1400,1402,1400,1357
78403451584,Duis A Institute,Technology & Professional Services,1399,1400,1405,1358
16980639748,Sodales Elit Erat LLC,Technology & Professional Services,1481,1492,1233,1359
88389375042,Dapibus Inc.,Technology & Professional Services,1822,1818,587,1366
55193751157,Rhoncus Proin PC,Technology & Professional Services,1367,1375,1536,1372
36300724008,Ligula Aenean Associates,Technology & Professional Services,1419,1421,1497,1385
53415858879,Proin Foundation,Technology & Professional Services,1395,1395,1563,1389
46372571372,Aliquet Vel Company,Technology & Professional Services,1224,1236,1913,1399
18416401655,Pellentesque Incorporated,Technology & Professional Services,1225,1221,1932,1402
95733974200,Montes Ltd,Technology & Professional Services,1199,1202,1983,1407
72136613350,Rhoncus Proin Nisl Associates,Technology & Professional Services,1391,1401,1607,1416
26358864089,Leo Elementum Sem LLC,Technology & Professional Services,1445,1439,1535,1420
36235884040,Curabitur Massa PC,Technology & Professional Services,1313,1323,1784,1421
80621802588,Nonummy Consulting,Technology & Professional Services,1343,1354,1739,1428
54900312378,Non Ante Bibendum PC,Technology & Professional Services,1427,1430,1588,1431
22811128657,Viverra Inc.,Technology & Professional Services,1515,1511,1421,1433
76149814641,Id Sapien Ltd,Technology & Professional Services,1455,1466,1554,1443
97785987616,Sodales Nisi Ltd,Technology & Professional Services,1561,1565,1356,1448
78119440529,Pede Praesent Limited,Technology & Professional Services,1312,1309,1870,1453
74061266589,Dolor Donec Corporation,Technology & Professional Services,1672,1677,1144,1454
48723861274,Metus Eu LLP,Technology & Professional Services,1554,1566,1374,1456
16178821827,Odio Tristique Institute,Technology & Professional Services,1423,1424,1676,1469
89153112408,Sagittis Limited,Technology & Professional Services,1265,1278,2009,1478
75919025716,Rutrum Eu Ultrices Corp.,Technology & Professional Services,1317,1302,1947,1484
46007761675,Est Nunc Ullamcorper Institute,Technology & Professional Services,1382,1392,1815,1493
55094723224,Nulla Facilisi Associates,Technology & Professional Services,1611,1620,1362,1495
24264927934,Non Inc.,Technology & Professional Services,1480,1490,1647,1502
62422038748,Tempus Scelerisque Lorem PC,Technology & Professional Services,1638,1631,1353,1504
69576401798,Arcu Curabitur Institute,Technology & Professional Services,1791,1797,1052,1512
27110349542,Felis Nulla Tempor Institute,Technology & Professional Services,1523,1535,1587,1515
44771894352,Ante Vivamus Inc.,Technology & Professional Services,1542,1534,1570,1516
59417171491,Ac Mi Eleifend Limited,Technology & Professional Services,1569,1570,1521,1519
70814127470,Id Ante Nunc Ltd,Technology & Professional Services,1939,1941,790,1525
97089682451,Mus Aenean Eget LLC,Technology & Professional Services,1332,1337,2006,1527
98028977660,Aliquet Vel PC,Technology & Professional Services,1473,1482,1729,1533
64941032224,Tincidunt Aliquam Industries,Technology & Professional Services,1404,1411,1876,1535
90625095939,Eu Eleifend LLC,Technology & Professional Services,1411,1418,1866,1537
22926973508,Ipsum Non Industries,Technology & Professional Services,1537,1522,1662,1545
84923186920,Penatibus Et LLC,Technology & Professional Services,1482,1488,1760,1549
53546629749,Integer Industries,Technology & Professional Services,1751,1761,1221,1550
17228439250,Erat Foundation,Technology & Professional Services,2365,2365,11,1552
49069349536,Sapien Nunc Inc.,Technology & Professional Services,1568,1582,1591,1553
65027706740,Sed Orci Lobortis Company,Technology & Professional Services,1777,1774,1194,1556
35286003506,Velit Foundation,Technology & Professional Services,1652,1652,1447,1560
26080015717,Auctor Odio Incorporated,Technology & Professional Services,1633,1632,1491,1562
96435855846,Id PC,Technology & Professional Services,1688,1685,1397,1569
30429611528,Proin Sed Foundation,Technology & Professional Services,1578,1583,1623,1573
24627889739,Et Euismod Et Limited,Technology & Professional Services,1593,1606,1610,1581
67853562563,Non Nisi Foundation,Technology & Professional Services,1705,1705,1418,1588
36866208934,Tellus Corp.,Technology & Professional Services,1524,1517,1790,1589
70754621933,Sociis Natoque Ltd,Technology & Professional Services,1794,1792,1247,1591
86143428477,Donec Consectetuer Mauris Foundation,Technology & Professional Services,1663,1668,1518,1594
76899079409,Nec Diam PC,Technology & Professional Services,1644,1641,1576,1596
58881822825,Orci Luctus Et Industries,Technology & Professional Services,1487,1479,1897,1598
20833247272,Tincidunt Pede Institute,Technology & Professional Services,1474,1470,1931,1606
56236492160,Arcu Ac Industries,Technology & Professional Services,1594,1587,1715,1613
67216839360,Sodales Elit Incorporated,Technology & Professional Services,1413,1425,2058,1614
33784872304,Augue Malesuada Corporation,Technology & Professional Services,1566,1563,1779,1617
96178360210,Mauris Ut Quam LLC,Technology & Professional Services,1506,1521,1881,1618
72286618594,Risus In LLP,Technology & Professional Services,1775,1781,1368,1621
29524720064,Urna Justo Associates,Technology & Professional Services,1649,1649,1634,1624
80191930269,Dolor Quisque Tincidunt Foundation,Technology & Professional Services,1673,1671,1633,1639
58870269317,Vel Turpis Company,Technology & Professional Services,1747,1749,1485,1640
95938358124,Donec Dignissim Magna Foundation,Technology & Professional Services,1866,1882,1239,1644
68550848674,Egestas Incorporated,Technology & Professional Services,1685,1695,1613,1645
46969224554,Accumsan Interdum Foundation,Technology & Professional Services,1614,1618,1766,1647
55307299248,Praesent Luctus Curabitur Industries,Technology & Professional Services,1706,1719,1600,1658
13902377680,Mollis Nec Cursus LLP,Technology & Professional Services,1449,1446,2160,1668
85449177396,In Lorem Corp.,Technology & Professional Services,1538,1537,1996,1673
31330885977,Dis Parturient Ltd,Technology & Professional Services,1608,1624,1858,1681
70885562894,Erat Etiam Vestibulum Foundation,Technology & Professional Services,1661,1667,1776,1688
56191979620,Non Sollicitudin PC,Technology & Professional Services,1564,1571,1973,1689
32934378210,Nibh Consulting,Technology & Professional Services,1583,1586,1957,1696
73500416211,Posuere Vulputate Lacus Industries,Technology & Professional Services,1623,1628,1900,1704
39260384047,Quis Pede Corporation,Technology & Professional Services,1639,1646,1885,1707
57984259689,Enim Non Inc.,Technology & Professional Services,1925,1932,1335,1711
80932809713,Non Leo Vivamus Incorporated,Technology & Professional Services,1570,1579,2056,1718
40305723628,Quis Turpis Industries,Technology & Professional Services,1577,1559,2072,1719
15937271532,Diam Proin Dolor Limited,Technology & Professional Services,1655,1643,1916,1723
58977869394,Diam Dictum Consulting,Technology & Professional Services,1647,1642,1929,1726
26077736972,Fermentum Convallis Incorporated,Technology & Professional Services,1646,1656,1917,1728
74309678848,Integer Vitae Nibh LLP,Technology & Professional Services,1582,1585,2054,1730
14316652139,Sed Dolor Inc.,Technology & Professional Services,1641,1650,1940,1733
82642449321,Ante Maecenas Corporation,Technology & Professional Services,1788,1789,1657,1735
46054596841,Dolor Sit PC,Technology & Professional Services,2615,2621,16,1740
22084888224,Parturient Montes LLC,Technology & Professional Services,1631,1629,2013,1744
17291470169,Nullam Lobortis Limited,Technology & Professional Services,1816,1820,1642,1746
72399160347,Dui Cum Sociis LLP,Technology & Professional Services,1584,1593,2110,1751
73376110977,Fusce LLC,Technology & Professional Services,1735,1735,1824,1752
90011689258,Nisi Institute,Technology & Professional Services,1574,1578,2149,1756
84937597269,Enim Non LLC,Technology & Professional Services,1681,1694,1941,1759
69233153226,A Purus LLC,Technology & Professional Services,1604,1599,2124,1762
83045786081,Ac Turpis Egestas Associates,Technology & Professional Services,1965,1983,1382,1764
57011992135,Nam Ac Ltd,Technology & Professional Services,1567,1558,2223,1767
95080143009,Tincidunt Tempus Risus Incorporated,Technology & Professional Services,1690,1684,1982,1769
66482985683,Nonummy Ac Foundation,Technology & Professional Services,1716,1715,1927,1770
66672864977,Tempus Inc.,Technology & Professional Services,1642,1654,2138,1793
85444000471,Phasellus Fermentum Limited,Technology & Professional Services,2254,2252,950,1799
73055550807,Nunc Interdum Incorporated,Technology & Professional Services,1811,1823,1834,1801
23335369654,Rhoncus Proin Foundation,Technology & Professional Services,1758,1754,1956,1802
92693781303,Sed Eu Institute,Technology & Professional Services,1766,1765,1938,1803
83878213821,Convallis Convallis Dolor Limited,Technology & Professional Services,1874,1878,1721,1805
47407563525,Aliquet Lobortis Nisi Corp.,Technology & Professional Services,1710,1714,2099,1818
52388886012,Consectetuer Euismod Est PC,Technology & Professional Services,1938,1939,1666,1826
24701944105,Nulla Integer Vulputate PC,Technology & Professional Services,1802,1808,1939,1828
41657963012,Lacus Quisque LLC,Technology & Professional Services,1992,1991,1580,1835
67842910518,Tincidunt Corporation,Technology & Professional Services,1771,1770,2025,1837
45827935127,Lorem Auctor Quis Foundation,Technology & Professional Services,1739,1732,2103,1841
78734418649,Nulla In Tincidunt LLP,Technology & Professional Services,1858,1860,1872,1846
49837617638,Adipiscing Elit Inc.,Technology & Professional Services,1749,1750,2114,1853
37568109751,Mollis Incorporated,Technology & Professional Services,1840,1844,1971,1865
67988680834,Dolor Vitae Foundation,Technology & Professional Services,1806,1804,2053,1872
76117653301,Porttitor Vulputate Posuere Consulting,Technology & Professional Services,1906,1905,1856,1874
83058563505,Mauris A Inc.,Technology & Professional Services,1807,1802,2090,1883
36291259608,Ac LLC,Technology & Professional Services,1871,1867,1976,1890
42590000698,Est Tempor Institute,Technology & Professional Services,1892,1900,1946,1894
31562649946,Est Arcu Ac Incorporated,Technology & Professional Services,1778,1793,2191,1899
11422618712,Praesent Luctus Inc.,Technology & Professional Services,2002,2003,1774,1902
71363265090,In Tincidunt Congue Company,Technology & Professional Services,1849,1851,2105,1906
14315147591,Vitae Orci Institute,Technology & Professional Services,1829,1831,2151,1909
26763947687,Congue In Corp.,Technology & Professional Services,1950,1948,1919,1911
75289356942,Risus Odio LLP,Technology & Professional Services,2913,2914,22,1923
94801884806,Turpis Aliquam Associates,Technology & Professional Services,1835,1843,2172,1925
55586008544,Eleifend Egestas Ltd,Technology & Professional Services,2016,2022,1823,1929
37358528402,Enim Mauris Inc.,Technology & Professional Services,1845,1837,2196,1932
83577754480,Donec Porttitor Foundation,Technology & Professional Services,1991,1994,1901,1933
43828324372,Eu Nulla Corporation,Technology & Professional Services,1989,1990,1909,1935
58741105428,Non Lobortis Corporation,Technology & Professional Services,2491,2486,935,1939
41643701801,Nostra Per LLP,Technology & Professional Services,1877,1870,2203,1950
40996724992,Ut Cursus Foundation,Technology & Professional Services,2012,2020,1921,1953
69392492576,Nulla Dignissim Limited,Technology & Professional Services,1970,1982,2021,1954
21804816746,Nullam Ut Inc.,Technology & Professional Services,2070,2077,1827,1955
42735118354,Imperdiet LLC,Technology & Professional Services,1910,1914,2155,1956
93561083066,Sed Eu Foundation,Technology & Professional Services,1966,1961,2055,1958
39198539067,Suspendisse Aliquet Associates,Technology & Professional Services,2100,2102,1786,1959
97283139514,Vitae Aliquam Eros Ltd,Technology & Professional Services,1972,1965,2059,1961
97638827169,Rutrum PC,Technology & Professional Services,2190,2198,1609,1963
48640772679,Dictum Cursus Consulting,Technology & Professional Services,1901,1888,2216,1966
73528552702,Nec Urna Et Corp.,Technology & Professional Services,1944,1940,2136,1972
40559163709,Maecenas Iaculis Inc.,Technology & Professional Services,2200,2192,1643,1977
74444459322,Tincidunt Adipiscing Inc.,Technology & Professional Services,1985,1986,2078,1981
93932766844,Mauris Eu Institute,Technology & Professional Services,2009,2011,2031,1982
35578320747,Morbi PC,Technology & Professional Services,2020,2025,2016,1987
71868219093,Arcu Sed Et Inc.,Technology & Professional Services,1933,1934,2199,1988
54790190524,Ac Ltd,Technology & Professional Services,1893,1891,2284,1989
35079621278,Imperdiet Ullamcorper Industries,Technology & Professional Services,1969,1972,2144,1996
55101569426,Suspendisse Ltd,Technology & Professional Services,1860,1873,2366,2003
42142667769,Laoreet Posuere Enim Inc.,Technology & Professional Services,1946,1945,2215,2006
96806981644,In Corporation,Technology & Professional Services,1967,1967,2180,2010
24102148742,Amet Metus Aliquam Industries,Technology & Professional Services,3060,3062,26,2019
13447019122,Amet Risus Foundation,Technology & Professional Services,2030,2035,2093,2022
45875784130,Ultrices Posuere Cubilia Company,Technology & Professional Services,1887,1884,2393,2027
88047242149,Quam Vel LLC,Technology & Professional Services,2068,2070,2047,2031
18306927906,Sed Tortor Limited,Technology & Professional Services,2015,2033,2222,2045
87122475882,Lectus Sit Incorporated,Technology & Professional Services,1964,1968,2365,2051
76697587331,Interdum Enim Non Ltd,Technology & Professional Services,2038,2047,2220,2052
83421534972,Enim Mauris Quis Incorporated,Technology & Professional Services,2305,2282,1728,2056
53496117655,Amet Consectetuer Company,Technology & Professional Services,2088,2099,2134,2058
17266923036,Volutpat Inc.,Technology & Professional Services,2056,2061,2212,2059
18814588565,Dolor Inc.,Technology & Professional Services,2110,2110,2112,2061
98057649908,Phasellus Libero Mauris Foundation,Technology & Professional Services,2130,2128,2092,2065
73440621827,Vehicula Pellentesque Inc.,Technology & Professional Services,2053,2059,2249,2068
33581972361,Ipsum Dolor PC,Technology & Professional Services,2069,2075,2231,2072
12161076724,Eu Ultrices Ltd,Technology & Professional Services,2150,2152,2074,2073
89023030428,Ac Eleifend Inc.,Technology & Professional Services,2102,2101,2208,2079
96834893748,Quam A Felis Incorporated,Technology & Professional Services,2244,2245,1969,2093
16002602393,Suscipit Est Ac Corporation,Technology & Professional Services,2290,2294,1892,2100
51294980477,Vitae Aliquet Nec Corporation,Technology & Professional Services,2266,2268,1953,2102
59366832940,Est Ac Ltd,Technology & Professional Services,2006,2007,2479,2104
76618399784,At Lacus LLP,Technology & Professional Services,2106,2118,2270,2105
99410502449,Dignissim LLP,Technology & Professional Services,1958,1959,2579,2106
75178170066,Sit Amet Diam Corporation,Technology & Professional Services,2475,2480,1562,2110
13086571368,Enim Diam Vel Industries,Technology & Professional Services,2240,2239,2050,2117
66741987958,Aliquam Gravida Incorporated,Technology & Professional Services,2284,2281,2001,2123
91426391836,Varius Limited,Technology & Professional Services,1976,1975,2626,2130
39288194590,Tempor Bibendum Donec Corp.,Technology & Professional Services,2021,2019,2556,2134
91154394323,Quis Corp.,Technology & Professional Services,2226,2238,2135,2136
63408991537,Duis Cursus Inc.,Technology & Professional Services,2025,2027,2548,2138
23290056758,Sed Incorporated,Technology & Professional Services,1954,1946,2710,2141
70555899232,Nulla Dignissim Associates,Technology & Professional Services,2292,2291,2036,2142
97206517936,Ac Urna Limited,Technology & Professional Services,2146,2144,2330,2143
86451920285,Libero Integer In Inc.,Technology & Professional Services,1993,1993,2639,2148
77292581216,Vitae Sodales LLP,Technology & Professional Services,2176,2174,2285,2151
19249968599,Nunc Pulvinar Industries,Technology & Professional Services,2317,2332,2003,2154
46087176984,Aliquet Proin LLP,Technology & Professional Services,2279,2280,2097,2155
95692868757,Placerat Cras Ltd,Technology & Professional Services,2196,2212,2257,2160
46471185478,Nunc Quis Limited,Technology & Professional Services,2264,2270,2150,2167
56439821700,Ipsum Curabitur LLP,Technology & Professional Services,2407,2432,1852,2170
86187992452,Amet Ltd,Technology & Professional Services,2007,2004,2686,2172
72064300998,Fringilla Ornare Corporation,Technology & Professional Services,2423,2421,1855,2173
95037235405,Suspendisse Non Institute,Technology & Professional Services,2304,2309,2118,2184
69883578383,Diam PC,Technology & Professional Services,2152,2162,2428,2187
78864123417,A Sollicitudin Orci Foundation,Technology & Professional Services,2738,2775,1237,2191
41991231044,A Corporation,Technology & Professional Services,2094,2106,2575,2197
62981190818,Quis LLC,Technology & Professional Services,2214,2213,2351,2199
96190048310,Penatibus Et Inc.,Technology & Professional Services,3377,3377,30,2202
55749740446,Sagittis Semper Nam Consulting,Technology & Professional Services,2225,2227,2333,2203
76290947803,Facilisis Non LLP,Technology & Professional Services,2194,2196,2434,2215
54907027470,Euismod Corp.,Technology & Professional Services,2024,2023,2788,2217
43454001249,Quisque Purus Associates,Technology & Professional Services,2151,2158,2530,2218
94446707800,Cursus Corporation,Technology & Professional Services,2092,2097,2652,2221
64638198267,Lectus Sit Corp.,Technology & Professional Services,1982,1992,2877,2225
67520251416,At PC,Technology & Professional Services,2231,2230,2392,2227
92482981458,Rutrum Non Hendrerit Consulting,Technology & Professional Services,2481,2475,1902,2230
35754571357,Ante Dictum Incorporated,Technology & Professional Services,2206,2206,2475,2236
37351880405,Venenatis Incorporated,Technology & Professional Services,2220,2222,2447,2237
15998215727,Ut Lacus Nulla Ltd,Technology & Professional Services,2118,2117,2666,2245
98020727651,Turpis Egestas Corporation,Technology & Professional Services,2400,2391,2113,2246
49068909356,Euismod Est Inc.,Technology & Professional Services,2201,2201,2514,2249
31238575689,Ipsum Leo LLP,Technology & Professional Services,2245,2243,2443,2259
31263348006,Blandit Nam Nulla Associates,Technology & Professional Services,2251,2256,2455,2274
13461552885,Dapibus Id Blandit Institute,Technology & Professional Services,2187,2187,2612,2285
65462135385,Vitae Velit LLC,Technology & Professional Services,2095,2095,2810,2293
13066244467,Ac Orci Industries,Technology & Professional Services,2253,2269,2484,2297
15457638036,Gravida Praesent LLP,Technology & Professional Services,2437,2440,2152,2307
24952685426,Vulputate Posuere Industries,Technology & Professional Services,2331,2323,2387,2310
62924351636,Sem PC,Technology & Professional Services,2389,2410,2279,2320
20836895545,Gravida Sit Amet Corporation,Technology & Professional Services,2391,2401,2308,2324
54071870652,Turpis In PC,Technology & Professional Services,2203,2224,2679,2325
30403523748,Ac Feugiat LLC,Technology & Professional Services,2071,2088,2955,2329
48890662808,Facilisis Facilisis Magna Foundation,Technology & Professional Services,2259,2274,2590,2330
69135584329,Sed Eu LLC,Technology & Professional Services,2584,2617,1928,2332
62029309613,Cras Sed Leo Foundation,Technology & Professional Services,2168,2171,2791,2333
88999491954,Turpis Aliquam LLC,Technology & Professional Services,2429,2435,2275,2336
78230317507,Dictum Cursus Nunc Industries,Technology & Professional Services,2377,2368,2408,2342
95613237079,At Pretium LLP,Technology & Professional Services,2479,2474,2207,2346
41171731175,Consectetuer Limited,Technology & Professional Services,2243,2244,2693,2354
77909777861,Ac Mattis Velit LLP,Technology & Professional Services,2476,2461,2265,2359
93230533382,Sed Dictum Eleifend Ltd,Technology & Professional Services,3116,3119,979,2362
93282747446,Sem Elit Limited,Technology & Professional Services,2126,2127,2977,2369
77898879994,Sodales Mauris Limited,Technology & Professional Services,2703,2695,1854,2376
40385667489,Quisque Ornare Industries,Technology & Professional Services,2114,2125,3036,2384
84448198573,Est Tempor Bibendum Industries,Technology & Professional Services,2532,2531,2234,2392
49784932478,A Facilisis Non Inc.,Technology & Professional Services,2493,2493,2328,2395
40084144447,Arcu Nunc Industries,Technology & Professional Services,2138,2142,3046,2402
31552582037,Velit Inc.,Technology & Professional Services,2406,2413,2520,2411
37759101222,Erat PC,Technology & Professional Services,2521,2517,2324,2418
87459862096,Porttitor LLP,Technology & Professional Services,2246,2248,2870,2423
23617533061,Torquent Ltd,Technology & Professional Services,2696,2699,1978,2426
73752456534,Mus Limited,Technology & Professional Services,2559,2562,2258,2429
62069676741,Nec Mauris Blandit Foundation,Technology & Professional Services,2587,2593,2218,2435
85273542431,Vel Est Incorporated,Technology & Professional Services,2585,2591,2229,2438
69133284840,Libero Est Congue Incorporated,Technology & Professional Services,2609,2613,2184,2439
56030772622,Sem Vitae Corp.,Technology & Professional Services,2327,2334,2752,2443
81099631357,Ipsum Leo Limited,Technology & Professional Services,2300,2304,2811,2445
43065448760,Curae Donec Foundation,Technology & Professional Services,2474,2467,2480,2448
37927728172,Eu Accumsan LLP,Technology & Professional Services,2482,2494,2448,2450
71649111610,At LLP,Technology & Professional Services,2444,2477,2518,2453
28836033916,Velit In Incorporated,Technology & Professional Services,2643,2647,2170,2460
20847737557,Tempor LLP,Technology & Professional Services,2420,2406,2649,2466
21552853184,Senectus Et Netus Corporation,Technology & Professional Services,2395,2416,2668,2469
99009287608,Nunc Risus LLP,Technology & Professional Services,2647,2639,2213,2477
81692875319,Nullam Scelerisque Neque Foundation,Technology & Professional Services,2492,2484,2524,2479
79825619910,Dui Quis LLP,Technology & Professional Services,2249,2253,3002,2481
91218779711,Risus Donec LLP,Technology & Professional Services,1916,1912,3720,2494
12103450178,Tincidunt Tempus Incorporated,Technology & Professional Services,2709,2711,2129,2497
81790520013,Magna Praesent Interdum Incorporated,Technology & Professional Services,1855,1856,3841,2498
44069268193,Sem Mollis LLP,Technology & Professional Services,2746,2737,2076,2502
18737319630,Ut Industries,Technology & Professional Services,2263,2262,3054,2508
43426057710,Eleifend Vitae Inc.,Technology & Professional Services,2616,2618,2371,2520
93981536412,Pharetra Quisque Ac LLC,Technology & Professional Services,2598,2598,2409,2521
27132352768,Imperdiet Corporation,Technology & Professional Services,2363,2340,2959,2543
88848010071,Mauris Limited,Technology & Professional Services,2801,2804,2061,2545
41566402880,Mus LLC,Technology & Professional Services,2544,2555,2571,2547
87070475031,Ac Arcu Nunc LLC,Technology & Professional Services,2665,2674,2341,2553
87711607508,Augue Malesuada Institute,Technology & Professional Services,2390,2366,2932,2556
54136363643,Mi Lorem Industries,Technology & Professional Services,2530,2546,2659,2579
75475698329,Vulputate Ullamcorper Magna Ltd,Technology & Professional Services,2464,2487,2792,2582
93880241546,Arcu Eu Odio LLC,Technology & Professional Services,2536,2538,2676,2586
82882460979,Sem Molestie Foundation,Technology & Professional Services,2965,2969,1832,2593
89618228232,Molestie Tortor Consulting,Technology & Professional Services,2528,2525,2716,2596
89073186125,Nec Tellus Corporation,Technology & Professional Services,2711,2720,2346,2602
17965654828,Vitae Posuere Ltd,Technology & Professional Services,2543,2552,2690,2606
62940816804,Non Foundation,Technology & Professional Services,2790,2797,2214,2611
86907350198,Dolor Fusce Ltd,Technology & Professional Services,2579,2566,2660,2613
61941120453,Fringilla Mi Lacinia Incorporated,Technology & Professional Services,2691,2687,2440,2621
56766066037,Nam Corp.,Technology & Professional Services,2466,2468,2906,2629
81080057116,Phasellus Libero LLP,Technology & Professional Services,2308,2315,3234,2638
60963420870,In Felis LLP,Technology & Professional Services,2525,2539,2803,2645
30140204602,Neque Associates,Technology & Professional Services,2627,2636,2630,2663
92596271102,Odio Associates,Technology & Professional Services,2463,2460,2974,2668
81986777523,Quis Urna Nunc Institute,Technology & Professional Services,3910,3910,97,2679
91062920626,Ac Inc.,Technology & Professional Services,3439,3441,1038,2680
52448445000,Feugiat Placerat Industries,Technology & Professional Services,3911,3911,98,2681
92935086354,Odio Etiam Corporation,Technology & Professional Services,2693,2696,2538,2686
86899611571,Euismod Mauris LLP,Technology & Professional Services,2672,2684,2583,2694
14042321810,Ac PC,Technology & Professional Services,2454,2463,3023,2696
21166782413,Ornare Industries,Technology & Professional Services,2600,2611,2730,2698
17799557745,Sociosqu Company,Technology & Professional Services,2689,2690,2592,2710
93740493847,Interdum Corporation,Technology & Professional Services,2664,2668,2640,2711
55096581107,Sagittis Associates,Technology & Professional Services,2440,2446,3103,2716
15544195408,Proin Company,Technology & Professional Services,2558,2570,2898,2728
19458945909,Purus Industries,Technology & Professional Services,2436,2438,3178,2737
34444004774,Aliquam Associates,Technology & Professional Services,2718,2716,2623,2738
64112855512,Sed Auctor Associates,Technology & Professional Services,2816,2806,2452,2745
86904466480,Lacus Quisque Foundation,Technology & Professional Services,2563,2544,2981,2749
86681981623,Ac Urna Company,Technology & Professional Services,2806,2790,2497,2751
14675858680,Sollicitudin Adipiscing LLC,Technology & Professional Services,2719,2718,2682,2760
79355626551,Id Corp.,Technology & Professional Services,2641,2640,2838,2761
80762852492,Nam Interdum Industries,Technology & Professional Services,2729,2730,2661,2762
12171241826,Interdum Sed Foundation,Technology & Professional Services,2723,2726,2684,2767
82465857700,Eu Accumsan Sed Industries,Technology & Professional Services,2953,2953,2235,2771
20017721725,Pellentesque Sed Dictum Foundation,Technology & Professional Services,2506,2503,3146,2775
47192976569,Ultricies Ornare Elit LLC,Technology & Professional Services,2846,2829,2483,2776
56018978883,Egestas Fusce Aliquet Institute,Technology & Professional Services,2894,2903,2370,2777
45344861464,Convallis Est Vitae Industries,Technology & Professional Services,2683,2686,2817,2785
93942213428,A Magna Inc.,Technology & Professional Services,2994,2995,2204,2789
90360585833,Mauris Rhoncus PC,Technology & Professional Services,2681,2685,2832,2790
53600852724,Laoreet Lectus LLC,Technology & Professional Services,2919,2922,2367,2792
77712035156,Ut Dolor Associates,Technology & Professional Services,2418,2414,3393,2798
49736594003,Volutpat Ornare Associates,Technology & Professional Services,2879,2870,2491,2802
63975991689,Tellus Consulting,Technology & Professional Services,2465,2465,3326,2806
30780133873,Pede LLP,Technology & Professional Services,2980,2985,2314,2813
69853421807,Fusce Mollis Duis Industries,Technology & Professional Services,3000,2999,2289,2818
52129470223,Imperdiet Corp.,Technology & Professional Services,2924,2910,2471,2824
25704682559,Odio Aliquam Corp.,Technology & Professional Services,2859,2841,2629,2832
35267193658,Magna Ltd,Technology & Professional Services,2911,2911,2513,2833
43611981873,Suscipit LLC,Technology & Professional Services,3485,3475,1389,2840
77593244679,Mattis Ornare Associates,Technology & Professional Services,2602,2604,3145,2843
17435313552,Ac Fermentum Vel LLP,Technology & Professional Services,3036,3032,2321,2857
89175693833,Justo Sit Associates,Technology & Professional Services,2675,2691,3026,2861
52655785808,Malesuada Id Institute,Technology & Professional Services,2694,2698,3030,2870
63861708370,Morbi Accumsan LLC,Technology & Professional Services,2857,2867,2709,2872
93156930881,Tempus Corp.,Technology & Professional Services,2886,2894,2656,2874
18651012250,Aliquet Sem Ut LLP,Technology & Professional Services,2758,2766,2918,2878
14555045817,Commodo Auctor Ltd,Technology & Professional Services,2778,2762,2912,2883
80347921120,Faucibus Ltd,Technology & Professional Services,2952,2952,2552,2886
46532597002,Egestas Nunc Industries,Technology & Professional Services,2531,2536,3435,2898
60321593978,Sed Pharetra Felis PC,Technology & Professional Services,2856,2859,2889,2930
11076688542,Amet Diam Industries,Technology & Professional Services,3098,3112,2401,2931
39646859475,Fames Corp.,Technology & Professional Services,3006,3005,2607,2933
66952421200,Vitae Sodales Institute,Technology & Professional Services,3605,3606,1410,2935
73973714129,Enim Etiam Institute,Technology & Professional Services,3569,3570,1548,2959
73648278886,Cras Vulputate Velit Incorporated,Technology & Professional Services,2967,2972,2758,2965
73909892719,Lorem Fringilla Ltd,Technology & Professional Services,3283,3284,2133,2968
34365441985,Erat Associates,Technology & Professional Services,2685,2681,3343,2971
48699038894,Consectetuer Ipsum Ltd,Technology & Professional Services,2954,2962,2809,2975
21205587568,Nullam Ut Foundation,Technology & Professional Services,2918,2921,2916,2982
76722958482,Fusce Aliquam Incorporated,Technology & Professional Services,2728,2732,3298,2986
40916035557,Phasellus Vitae Mauris Limited,Technology & Professional Services,2988,2983,2805,2991
69431337574,Ultrices Industries,Technology & Professional Services,3302,3300,2176,2992
60072023557,Tellus Faucibus Associates,Technology & Professional Services,2946,2945,2909,2996
36662964956,Curabitur Associates,Technology & Professional Services,2808,2812,3188,2999
45237488374,Non Lobortis Quis Associates,Technology & Professional Services,3288,3294,2227,3000
72082377970,Nonummy Fusce LLP,Technology & Professional Services,3207,3208,2395,3001
36325756075,Amet Diam Ltd,Technology & Professional Services,2977,2979,2858,3004
71475747855,Aliquet Molestie Corporation,Technology & Professional Services,3598,3597,1644,3015
21498909695,Cras Vulputate LLP,Technology & Professional Services,2899,2907,3034,3016
23322235350,Dui Incorporated,Technology & Professional Services,3004,3003,2846,3022
78040474274,Non Ante Consulting,Technology & Professional Services,3232,3236,2398,3028
80178350391,At Pede Company,Technology & Professional Services,3002,3016,2852,3031
26500650326,Ac Feugiat Non Consulting,Technology & Professional Services,2759,2757,3379,3036
53367901558,Fringilla Mi Corporation,Technology & Professional Services,2670,2676,3549,3037
64928973842,Sed Company,Technology & Professional Services,3450,3461,1990,3039
31595398112,Enim Company,Technology & Professional Services,3065,3075,2776,3045
16941018799,Eget Laoreet Inc.,Technology & Professional Services,3293,3292,2332,3046
70561019208,Nonummy Foundation,Technology & Professional Services,3079,3072,2773,3049
44576099269,Pretium Neque LLP,Technology & Professional Services,3062,3055,2823,3053
58899084497,Sed Auctor Odio PC,Technology & Professional Services,3449,3450,2042,3055
88568633938,Vulputate Dui Foundation,Technology & Professional Services,2799,2799,3353,3058
95594775419,Dolor Fusce Mi Associates,Technology & Professional Services,2956,2964,3038,3061
13611382586,Quisque Tincidunt Pede Limited,Technology & Professional Services,2872,2878,3214,3063
56939946451,Neque Et Corporation,Technology & Professional Services,3005,3002,2966,3065
34048570533,Interdum Libero Dui Company,Technology & Professional Services,2970,2970,3040,3067
25487349674,Maecenas Iaculis Aliquet LLP,Technology & Professional Services,2993,2990,3004,3068
49368160590,Nulla In LLP,Technology & Professional Services,2871,2862,3268,3072
55039720870,Dignissim Magna PC,Technology & Professional Services,2785,2792,3430,3076
42562731929,Et Magnis Incorporated,Technology & Professional Services,3128,3127,2761,3078
10346855916,Odio Institute,Technology & Professional Services,3227,3229,2562,3079
16528286991,Pellentesque Massa Limited,Technology & Professional Services,3206,3202,2616,3081
95799102190,Blandit Mattis Cras LLP,Technology & Professional Services,2940,2941,3143,3082
61812192237,Nunc Mauris Elit Corp.,Technology & Professional Services,3163,3154,2713,3086
91363040650,Diam Lorem LLC,Technology & Professional Services,3003,3015,3024,3090
70196084748,Gravida Incorporated,Technology & Professional Services,2914,2919,3218,3094
57230218402,Interdum Feugiat Foundation,Technology & Professional Services,2932,2926,3200,3096
35615649088,Tincidunt Congue Turpis Inc.,Technology & Professional Services,2982,2987,3105,3103
11089768124,Rutrum Corp.,Technology & Professional Services,3138,3140,2812,3112
76006740240,Pharetra Quisque Ac Ltd,Technology & Professional Services,3224,3232,2651,3118
16863641025,Aliquet Diam LLC,Technology & Professional Services,2865,2852,3403,3124
16361981729,Et LLC,Technology & Professional Services,2599,2602,3923,3126
93720983561,Donec Luctus Aliquet Inc.,Technology & Professional Services,3375,3375,2376,3127
43034165541,Sit Amet Lorem Institute,Technology & Professional Services,3237,3257,2642,3132
13986396343,Nulla In Inc.,Technology & Professional Services,2813,2816,3510,3135
61112604295,Vel Lectus Cum LLC,Technology & Professional Services,3176,3158,2813,3137
10854978569,Dui Cras Pellentesque Limited,Technology & Professional Services,2974,2976,3247,3155
83808438024,Quis LLP,Technology & Professional Services,2906,2906,3405,3161
75547072158,Velit Institute,Technology & Professional Services,2882,2892,3443,3162
96550897244,Donec Elementum Lorem Corporation,Technology & Professional Services,3090,3094,3044,3169
67610254313,A Felis Ullamcorper LLP,Technology & Professional Services,3297,3282,2664,3173
79287836711,Per Company,Technology & Professional Services,3338,3345,2563,3175
87203239896,Mauris Ltd,Technology & Professional Services,3417,3421,2411,3177
41081202656,Nam Ligula Industries,Technology & Professional Services,3724,3727,1819,3182
99307259953,Ultricies Adipiscing Enim Company,Technology & Professional Services,2966,2961,3346,3185
48807515867,Magna A Foundation,Technology & Professional Services,3061,3065,3193,3198
41704070214,Tellus Company,Technology & Professional Services,2972,2967,3381,3199
65278963534,Sed Pede Cum Incorporated,Technology & Professional Services,3146,3146,3063,3213
32069730393,Eget Metus LLP,Technology & Professional Services,2853,2864,3658,3216
53427619838,Eu Erat Semper Inc.,Technology & Professional Services,3353,3361,2673,3220
72267722034,Donec Egestas Consulting,Technology & Professional Services,3333,3341,2715,3221
91582338269,Cursus Diam Industries,Technology & Professional Services,2930,2937,3535,3226
87092867947,Egestas Urna Limited,Technology & Professional Services,3162,3164,3077,3227
33806831488,Quis Massa Limited,Technology & Professional Services,2829,2847,3730,3228
14089706307,Donec Institute,Technology & Professional Services,3099,3104,3204,3230
31153557593,Ut Semper Corporation,Technology & Professional Services,3541,3542,2336,3235
76419655212,Suspendisse Sagittis Nullam Company,Technology & Professional Services,3468,3465,2492,3240
61728854460,Elit Pharetra PC,Technology & Professional Services,3048,3045,3348,3250
41378282924,Vulputate PC,Technology & Professional Services,3339,3339,2769,3252
87284273126,Libero Mauris Inc.,Technology & Professional Services,3186,3187,3082,3254
75453677512,In Magna Foundation,Technology & Professional Services,3489,3494,2482,3258
66748498849,Eleifend Nec Institute,Technology & Professional Services,3582,3584,2310,3262
24314208971,Metus Ltd,Technology & Professional Services,3376,3378,2746,3266
34591758600,A Consulting,Technology & Professional Services,3390,3392,2726,3267
19119901659,Ante Dictum Mi Inc.,Technology & Professional Services,3179,3181,3150,3269
68731179079,Lacinia Limited,Technology & Professional Services,3392,3394,2727,3270
18253795725,Quam Pellentesque Corporation,Technology & Professional Services,3486,3492,2547,3274
66943181420,Nisl Elementum Foundation,Technology & Professional Services,3087,3083,3364,3279
63491526748,Neque Non Company,Technology & Professional Services,3126,3121,3319,3287
76934435529,Tellus Id Nunc Inc.,Technology & Professional Services,3027,3039,3502,3289
12847992240,Nec Enim Company,Technology & Professional Services,3067,3068,3446,3295
13747603419,Fermentum Vel Mauris Institute,Technology & Professional Services,3591,3588,2405,3296
54474048212,Leo Morbi Limited,Technology & Professional Services,3379,3370,2851,3303
19894828184,Arcu Vel Associates,Technology & Professional Services,3113,3109,3386,3308
12182018430,Integer In Ltd,Technology & Professional Services,3369,3367,2874,3310
25876985396,Vitae Erat Vivamus Corp.,Technology & Professional Services,3275,3276,3072,3311
76628269361,Odio Consulting,Technology & Professional Services,3088,3090,3448,3313
26482181417,A Purus Duis Consulting,Technology & Professional Services,3344,3342,2945,3317
22900076341,In Consequat LLC,Technology & Professional Services,3178,3173,3280,3318
45162888565,Risus Morbi LLC,Technology & Professional Services,2979,2982,3681,3322
21437482304,Consectetuer Adipiscing Corp.,Technology & Professional Services,3115,3114,3449,3333
18924241226,At Velit Pellentesque Ltd,Technology & Professional Services,3549,3551,2581,3334
35385390863,Augue Id Ante Corporation,Technology & Professional Services,3208,3211,3266,3338
47694806294,Viverra PC,Technology & Professional Services,3159,3163,3378,3343
18923178136,Eu PC,Technology & Professional Services,3552,3550,2603,3346
83841202959,Risus Morbi Metus Institute,Technology & Professional Services,3239,3240,3226,3347
84124629080,Aliquet Corp.,Technology & Professional Services,3306,3305,3125,3353
82329510503,Orci Ut Institute,Technology & Professional Services,3782,3782,2188,3357
80821603856,Semper Erat Inc.,Technology & Professional Services,3198,3199,3356,3358
28755901991,Dictum Proin Eget Corp.,Technology & Professional Services,3671,3672,2465,3373
84056759251,Non Arcu Industries,Technology & Professional Services,3525,3528,2775,3384
93732268717,Tellus Nunc Industries,Technology & Professional Services,3560,3566,2722,3390
27452194956,Dictum Magna Ut Foundation,Technology & Professional Services,3181,3184,3496,3394
22629400849,Auctor Non Incorporated,Technology & Professional Services,3101,3101,3671,3399
53042661217,Proin Velit Sed Ltd,Technology & Professional Services,3322,3314,3241,3401
87898093521,Donec Felis Orci Corporation,Technology & Professional Services,3164,3165,3580,3408
83702983188,Nunc In PC,Technology & Professional Services,3387,3387,3156,3414
25607153542,Diam Sed Inc.,Technology & Professional Services,3618,3621,2705,3418
35176289951,Risus Ltd,Technology & Professional Services,3246,3255,3458,3425
50940521426,Vel Est Tempor Ltd,Technology & Professional Services,3520,3521,2954,3437
82931448033,Augue Limited,Technology & Professional Services,3391,3391,3225,3439
15514494276,Et Euismod Et Associates,Technology & Professional Services,3304,3302,3415,3446
51266227991,Neque Et Corp.,Technology & Professional Services,3588,3583,2863,3451
94848797110,Nunc Incorporated,Technology & Professional Services,3537,3540,2987,3465
43861698351,Commodo PC,Technology & Professional Services,3438,3436,3197,3469
93936767851,Orci Phasellus Corporation,Technology & Professional Services,3441,3443,3210,3475
94793419942,Eget LLP,Technology & Professional Services,3424,3426,3287,3485
61547674285,Ipsum Suspendisse PC,Technology & Professional Services,3676,3678,2789,3492
86441371046,Malesuada Fames Ltd,Technology & Professional Services,3512,3515,3116,3493
64581529554,Tempus Eu Ligula Inc.,Technology & Professional Services,3802,3801,2570,3505
17189523131,Fusce Aliquet Limited,Technology & Professional Services,3511,3505,3170,3511
86201172910,Ut Semper Incorporated,Technology & Professional Services,3492,3501,3207,3515
60061618643,Aliquet Vel Vulputate Ltd,Technology & Professional Services,3200,3195,3805,3517
92594285117,Donec Foundation,Technology & Professional Services,3319,3318,3569,3522
25103945596,Gravida Sagittis Limited,Technology & Professional Services,3337,3347,3538,3528
52379134298,Eu Foundation,Technology & Professional Services,3323,3323,3592,3532
97465686404,Ipsum Non Arcu Consulting,Technology & Professional Services,3460,3470,3314,3535
87931914124,Felis Nulla Foundation,Technology & Professional Services,3360,3362,3560,3547
37802138328,Nunc Ullamcorper Velit Corporation,Technology & Professional Services,3415,3413,3455,3548
54171624416,Dolor Corporation,Technology & Professional Services,3386,3389,3518,3555
90058425621,Pellentesque Ut Associates,Technology & Professional Services,3290,3293,3710,3556
90909339288,A Arcu Sed Corporation,Technology & Professional Services,3508,3510,3388,3582
34268093162,Mi Felis Adipiscing Corp.,Technology & Professional Services,3358,3363,3703,3584
98065308169,Magna A Corp.,Technology & Professional Services,3507,3513,3438,3596
38864597115,Convallis Est Foundation,Technology & Professional Services,3536,3539,3417,3604
29166700531,Ac Eleifend PC,Technology & Professional Services,3767,3769,3009,3620
96545108198,Eget PC,Technology & Professional Services,3428,3437,3684,3625
34262348703,Mattis Semper Dui Foundation,Technology & Professional Services,3550,3544,3465,3630
18112900644,Lacus Etiam Institute,Technology & Professional Services,3538,3536,3505,3635
72300821269,Sem Egestas Blandit Consulting,Technology & Professional Services,3440,3439,3717,3642
42940970845,Erat Eget Ipsum Industries,Technology & Professional Services,3632,3632,3416,3666
82882476966,Montes Nascetur Ltd,Technology & Professional Services,3722,3720,3242,3669
65453072511,Vehicula Aliquet LLC,Technology & Professional Services,3749,3748,3215,3677
16315736437,Id Mollis Limited,Technology & Professional Services,3509,3506,3712,3684
74353814311,Accumsan Interdum Libero Associates,Technology & Professional Services,3506,3507,3714,3685
25619276404,Blandit Mattis PC,Technology & Professional Services,3576,3576,3609,3689
30440941247,Sit Amet Company,Technology & Professional Services,3610,3609,3561,3698
97164071366,Augue Sed Institute,Technology & Professional Services,3593,3591,3626,3708
25019506172,Proin Vel Inc.,Technology & Professional Services,3863,3863,3174,3729
75522897148,Vestibulum Lorem Inc.,Technology & Professional Services,3776,3773,3354,3732
62807084929,Pede Ac Urna LLP,Technology & Professional Services,3666,3667,3587,3736
17429613585,Vel Convallis Company,Technology & Professional Services,3589,3593,3768,3747
48883076820,Enim Consequat Corporation,Technology & Professional Services,3597,3594,3778,3753
60196678179,Ac Fermentum Associates,Technology & Professional Services,3762,3763,3453,3757
93658191062,Ridiculus Mus Industries,Technology & Professional Services,3578,3585,3830,3760
31468420954,Non Hendrerit Id LLC,Technology & Professional Services,3693,3694,3653,3776
86369183535,Neque Non Industries,Technology & Professional Services,3643,3643,3814,3793
56023220219,Nam Interdum Company,Technology & Professional Services,3623,3619,3872,3795
93351929638,Est Mauris PC,Technology & Professional Services,3706,3705,3754,3808
46391946761,Libero Nec Ligula LLP,Technology & Professional Services,3845,3846,3477,3809
79008028287,Feugiat Nec Diam LLC,Technology & Professional Services,3840,3839,3530,3822
75452980559,Proin Eget Corporation,Technology & Professional Services,3737,3736,3769,3837
90689166680,Ante Nunc Mauris Corp.,Technology & Professional Services,3758,3758,3777,3852
68548907085,Dui Limited,Technology & Professional Services,3717,3717,3865,3853
89741543872,Felis Ullamcorper Corp.,Technology & Professional Services,3735,3735,3871,3862
